ID;Fecha;Provincia;Cantón;Cobertura;Tipo de Protesta;Sub Tipo de Protesta;Actor;Tipo de Actor;Sub Tipo de Actor;Demanda;Tipo de Demanda;Sub Tipo de Demanda;Entidad;Tipo de Entidad;Resolución;Alianza;Clase;Represión;Resumen;Noticias
12847;2024-07-04;;;Nacional;Declaración pública;Pronunciamiento;Bloque Verde;Grupos y/u organizaciones de ambientalistas;;Intervenir el INCOPESCA;Fiscalización de la función pública y rendición de cuentas;Pronunciamiento o rectificación de posición oficial;Gobierno de Rodrigo Chaves Robles ;Gobierno en general;No registrada/no existente;No registrada/no existente;Particular;No registrado o no existente;"El Bloque Verde emite un comunicado para solicitar de manera urgente la intervención del INCOPESCA, tras conocerse la renuncia de su presidente ejecutivo Héiner Méndez Barrientos. Denuncian que durante la gestión de Méndez el desarrollo sostenible de la pesca y la acuicultura se quedó sin rumbo, entre otras razones porque el Plan Nacional de Desarrollo de la Pesca y la Acuicultura se encontraba vigente hasta el año pasado, pero hasta el momento Incopesca no lo ha actualizado; y que debido a la “inoperancia” de la institución, Costa Rica perdió financiamiento disponible para la urgente mejora de las pesquerías y la acuicultura, incluyendo los estudios necesarios para brindar las licencias a los pescadores artesanales y de pequeña escala. Finalmente, consideran que contrario a ayudar al sector pesquero, el gobierno de Rodrigo Chaves Robles pretende revivir la pesca de arrastre. 
";Semanario Universidad: ORGANIZACIONES ECOLOGISTAS SOLICITAN “DE MANERA URGENTE” INTERVENCIÓN DEL INCOPESCA (2024-07-04)
12860;2024-07-10;Puntarenas;Puntarenas;Regional;Declaración pública;Pronunciamiento;Vecinos y vecinas de isla Chira;Grupos y/u organizaciones de vecinos y vecinas;;Separar a isla Chira de la provincia de Puntarenas y pertenecer a Guanacaste;Fiscalización de la función pública y rendición de cuentas;Pronunciamiento o rectificación de posición oficial;Tribunal Contencioso Administrativo;Poder Judicial;No registrada/no existente;Participación conjunta;Particular;No registrado o no existente;"Un grupo de vecinas y vecinos de Isla Chira interponen un recurso ante el TCA, y se manifiestan en las afueras de esa institución, para solicitar que la isla no pertenezca más a la provincia de Puntarenas, y pase a ser de Guanacaste, así como los territorios de Cóbano, Lepanto y Paquera, ubicados en el Golfo de Nicoya.
";CR Hoy: VECINOS DE ISLA CHIRA NO QUIEREN SER DE PUNTARENAS Y PIDEN SU ANEXIÓN A GUANACASTE (2024-07-10)
12869;2024-07-23;Puntarenas;Buenos Aires;Regional;Toma de propiedad;;Las comunidades indígenas de Cabagra;Grupos y/u organizaciones de campesinos y campesinas e indígenas;Indígenas;Recuperar más de 13 mil hectáreas de tierra ;Defensa y/o ampliación de derechos;Defensa y/o ampliación de los derechos de las personas indígenas;Instituto de Desarrollo Rural, gobierno de Rodrigo Chaves Robles;Instituciones autónomas;Respuesta positiva por vía legal;No registrada/no existente;Particular;No registrado o no existente;"Las comunidades indígenas de Cabagra, en Buenos Aires de Puntarenas, recuperan más de 13 mil hectáreas de tierra en el marco de la implementación del Plan RTI. El INDER, la CONAI y la ADI de Cabagra participan en el acto de devolución de las tierras. Según las comunidades indígenas los terrenos serán utilizados para el ordenamiento cultural. 
";SURCOS: CABAGRA AVANZA EN LOS PROCESOS DE RECUPERACIÓN DE TIERRAS MEDIANTE INDEMNIZACIÓN (2024-07-27)
12870;2024-07-24;San José;Curridabat;Nacional;Declaración pública;Pronunciamiento;Alianza para la Sostenibilidad Agrícola;Grupos y/u organizaciones de empresarios y empresarias;Del sector agrícola o agroindustrial;Cuestionar el proyecto de Ley No. 23.783 “Regulación de Plaguicidas Altamente Peligrosos para la Salud y el Ambiente”;En favor o en contra de leyes, reglamentos, planes y/o decretos;En contra de leyes, reglamentos, planes y/o decretos;Gobierno de Rodrigo Chaves Robles ;Gobierno en general;No registrada/no existente;Participación conjunta;General;No registrado o no existente;A través de un foro organizado por el ASA, la CNAA y el IICA, un grupo de profesionales expertos cuestiona la falta de criterios científicos y técnicos del proyecto de Ley No. 23.783 “Regulación de Plaguicidas Altamente Peligrosos para la Salud y el Ambiente”. Según las personas manifestantes, el texto busca la prohibición de 16 plaguicidas, sin presentar pruebas que demuestren una afectación directa a la salud por el uso y la exposición a estos productos. Además, cuestionan el Reglamento para la Calidad de Agua Potable, que establece límites máximos de plaguicidas permitidos similares a los europeos, provocando amplias restricciones a las personas agricultoras del país.;CR Hoy: EXPERTOS CUESTIONAN PLAN PARA REGULAR PLAGUICIDAS EN EL PAÍS (2024-07-28), La Extra: EXPERTOS CUESTIONAN PROYECTO DE LEY PARA REGULAR PLAGUICIDAS  (2024-07-24)
12884;2024-07-27;Puntarenas;Buenos Aires;Regional;Asamblea;;La comunidad indígena de Rey Curré/Yimba;Grupos y/u organizaciones de campesinos y campesinas e indígenas;Indígenas;"Discutir la implementación de Planes Ambientales Forestales Territoriales propuesto por el Ministerio de Ambiente y Energía 

";Defensa y/o ampliación de derechos;Defensa y/o ampliación de los derechos de las personas indígenas;Ministerio de Ambiente y Energía, administración Chaves Robles ;Ministerios;No registrada/no existente;No registrada/no existente;Particular;No registrado o no existente;"La comunidad indígena de Rey Curré/Yimba desarrolla una asamblea para discutir la implementación de los PAFT propuestos por el MINAE y el MIDEPLAN, en el territorio. En la sesión se aprueban dichos planes y se establecen los mecanismos de administración y distribución de los beneficios económicos derivados de los CREF. 
";SURCOS: CURRÉ_YIMBA APRUEBA LA IMPLEMENTACIÓN DEL PAFT EN SU TERRITORIO - SURCOSSURCOS (2024-07-27)
12889;2024-07-29;Puntarenas;Puntarenas;Regional;Bloqueo;;Vecinas y vecinos de Barranca,;Grupos y/u organizaciones de vecinos y vecinas;;Solicitar que se restablezca el servicio de agua en las comunidades ;Mejora y/o defensa en el acceso, calidad y costo de los servicios públicos;Mejora y/o defensa en el acceso, calidad y costo de los servicios de agua potable;Instituto Costarricense de Acueductos y Alcantarillados, administración Chaves Robles ;Instituciones autónomas;No registrada/no existente;No registrada/no existente;General;No registrado o no existente;"Un grupo de vecinas y vecinos de Barranca, Puntarenas bloquean la ruta Interamericana para protestar por la falta de agua potable en sus comunidades durante varios días. Esto después de que un camión que transportaba plaguicidas se volcara en la ruta Cambronero y contaminara las fuentes de agua. Este hecho obligó al AyA a cerrar el paso de las tuberías de abastecimiento para evitar intoxicaciones en la población. 
";CR Hoy: VECINOS DE BARRANCA CIERRAN LA INTERAMERICANA POR FALTA DE AGUA (2024-07-29)
12890;2024-07-29;San José;Montes de Oca;Nacional;Campañas informativas;;Academia Nacional de Ciencias de Costa Rica;Grupos y/u organizaciones profesionales;;Mostrar apoyo al proyecto de Ley No. 23.783 “Regulación de Plaguicidas Altamente Peligrosos para la Salud y el Ambiente”;Defensa del ambiente;Lucha contra la contaminación ambiental;Cuidadanía ;Población en general;No registrada/no existente;Participación conjunta;General;No registrado o no existente;"Mediante un afiche, la ANC invitan al foro “Plaguicidas: impactos ecológicos y en salud pública y posibles soluciones para Costa Rica”. Esta actividad se llevará a cabo el 7 de agosto, en las instalaciones de la ANC y tiene el interés de posicionar la reducción del uso de plaguicidas en Costa Rica contemplando aspectos ecológicos, de salud, económicos y sociales; además se desea discutir los beneficios del proyecto de Ley No. 23.783 “Regulación de Plaguicidas Altamente Peligrosos para la Salud y el Ambiente”.
";SURCOS:  FORO PLAGUICIDAS_ IMPACTOS ECOLÓGICOS Y EN SALUD PÚBLICA Y POSIBLES SOLUCIONES PARA COSTA RICA”  (2024-07-29)
12895;2024-07-10;San José;;Nacional;Declaración pública;Denuncia;FECON;Grupos y/u organizaciones de ambientalistas;;Denunciar intenciones del MINAE y del MIDEPLAN de concentrar funciones;Fiscalización de la función pública y rendición de cuentas;Pronunciamiento o rectificación de posición oficial;Ministerio de Ambiente y Energía de la administración Chaves Robles;Ministerios;No registrada/no existente;No registrada/no existente;Particular;No registrado o no existente;"Mediante un comunicado, la FECON denuncia que el MIDEPLAN y el MINAE preparan un decreto ejecutivo para concentrar las funciones de la mayoría de las asesorías jurídicas de órganos desconcentrados en el ministro de Ambiente y Energía. Para la organización, esta parece ser una medida desesperada del gobierno de Rodrigo Chaves Robles, al ver varada la reforma legal bajo el proyecto de Ley No. 23.213, el cual busca el mismo objetivo. Además, la propuesta busca erosionar la participación social en los órganos colegiados, que verían vaciadas sus capacidades de dar opinión técnica oportuna ante cuestiones particulares, por ejemplo la prohibición de agroquímicos altamente peligrosos o contaminantes.
";SURCOS: REFORMA DE MINAE ENTORPECERÍA EVALUACIÓN DE PLAGUICIDAS ALTAMENTE PELIGROSOS Y CONTAMINANTES (2024-07-11)
12897;2024-07-10;San José;;Nacional;Declaración pública;Pronunciamiento;Comisión Vías y Vida Silvestre;Grupos y/u organizaciones de ambientalistas;;Declarar emergencia nacional por la plaga de la hormiga loca en el país;Fiscalización de la función pública y rendición de cuentas;Pronunciamiento o rectificación de posición oficial;Franz Tattenbach Capra, ministro de Ambiente y Energía de la administración Chaves Robles;Ministerios;No registrada/no existente;No registrada/no existente;Particular;No registrado o no existente;"La Comisión Vías y Vida Silvestre envía una carta urgente al ministro de Ambiente y Energía, Franz Tattenbach Capra, a la ministra de Salud, Mary Munive Angermüller, y al ministro de Agricultura y Ganadería, Julio Carvajal Porras, con el objetivo de solicitar información actualizada sobre el estado y los avances de la comisión interministerial y de Una Sola Salud en relación con la plaga de la hormiga loca, la cual está causando graves impactos en la vida silvestre, animales domésticos, cultivos y otros sectores. La organización considera esencial declarar una Emergencia Nacional a raíz de esta plaga.
";SURCOS: UN LLAMADO URGENTE ANTE LA CRISIS DE LAS HORMIGAS LOCAS EN COSTA RICA (2024-07-14)
12913;2024-08-03;San José;Curridabat;Regional;Declaración pública;Pronunciamiento;Vecinos/as de Miravalles de Tirrases;Grupos y/u organizaciones de vecinos y vecinas;;Posponer orden de desalojo en su contra;Intervención de gobierno;Solicitud de vivienda;Ministerio de Salud de la administración Chaves Robles;Ministerios;No registrada/no existente;No registrada/no existente;Particular;No registrado o no existente;"Mediante un comunicado, un grupo de vecinos y vecinas de Miravalles de Tirrases, en Curridabat, se pronuncian respecto a la decisión del MINSA de emitir el pasado 21 de julio una orden de desalojo a 110 familias por vivir en una zona vulnerable. Las y los vecinos califican de precipitada la orden de desalojo, y le solicitan a las autoridades realizar al menos cuatro acciones previo a ejecutarla. Además, informan que ya presentaron un recurso de revocatoria y apelación subsidiaria ante la oficina cantonal del ministerio.
";La Extra: VECINOS DE TIRRASES HACEN 4 PETICIONES ANTES DE SER DESALOJADOS (2024-08-03)
12914;2024-08-03;Limón;Talamanca;Nacional;Declaración pública;Denuncia;ATEC;Grupos y/u organizaciones de ambientalistas;;Denunciar amenazas de muerte en contra de sus integrantes;Fiscalización de la función pública y rendición de cuentas;Lucha por la justicia, contra la impunidad y contra la criminalización de la protesta social;Gobierno de Rodrigo Chaves Robles;Gobierno en general;No registrada/no existente;No registrada/no existente;Particular;No registrado o no existente;"La ATEC emite un comunicado en el que denuncia que en este día recibieron amenazas de muerte a representantes de esa organización. Según denuncian, al parecer dos personas han contactado a un grupo de sicariato ofreciéndoles dinero en perjuicio de las vidas de miembros de ATEC. Ante esto, informan que están realizando las denuncias del caso ante las entidades correspondientes.
";SURCOS: ASOCIACIÓN TALAMANQUEÑA DE ECOTURISMO Y CONSERVACIÓN DENUNCIA AMENAZAS (2024-08-03)
12915;2024-08-03;San José;;Nacional;Declaración pública;Denuncia;Bloque Verde;Grupos y/u organizaciones de ambientalistas;;Denunciar amenazas de muerte en contra de integrantes de ATEC;Fiscalización de la función pública y rendición de cuentas;Lucha por la justicia, contra la impunidad y contra la criminalización de la protesta social;Gobierno de Rodrigo Chaves Robles;Gobierno en general;No registrada/no existente;No registrada/no existente;Particular;No registrado o no existente;"Mediante un comunicado, el Bloque Verde se solidariza con la ATEC, organización que en este mismo día denunció haber recibido amenazas de muerte en contra de sus integrantes, y denuncia que es lamentable que se produzcan amenazas e intimidaciones que buscan sembrar miedo en un momento en el que las organizaciones caribeñas están pidiendo una moratoria sobre el otorgamiento de permisos para tala, extracción, aprovechamiento y construcción, así como cualquier tipo de destrucción o cambio de uso del suelo en humedales, bosques y otros ecosistemas, hasta que estos espacios sean adecuadamente delimitados, zonificados y ordenados. Estas amenazas se producen en un contexto en el que ha surgido un movimiento en la zona que denuncia la situación actual y aboga por la recuperación del Refugio Nacional de Vida Silvestre Gandoca-Manzanillo, así como por la protección de los bosques costeros, los humedales y los arrecifes del litoral caribeño.
";SURCOS: ORGANIZACIÓN DE ECOTURISMO Y CONSERVACIÓN TALAMANQUEÑA RECIBE AMENAZAS DE MUERTE (2024-08-03)
12917;2024-08-05;San José;San José;Regional;Concentración;;Vecinos/as de Miravalles de Tirrases;Grupos y/u organizaciones de vecinos y vecinas;;Posponer desalojo en su contra;Intervención de gobierno;Solicitud de vivienda;Gobierno de Rodrigo Chaves Robles;Gobierno en general;No registrada/no existente;Participación conjunta;Particular;No registrado o no existente;"Un grupo de vecinos y vecinas de Miravalles de Tirrases, de Curridabat, se manifiesta en las afueras de la Casa Presidencial, en contra de la orden de desalojo emitida por el MINSA el pasado 21 de julio, en contra de 110 familias, por vivir en una zona vulnerable. Las y los vecinos consideran precipitada esta decisión, y solicitan más tiempo para poder abandonar sus casas, así como un apoyo institucional adecuado en este proceso. Las y los manifestantes portan carteles con consignas como “Por un desalojo digno”.
";La Extra: “QUEREMOS REUBICACIÓN Y ESTUDIOS TÉCNICOS” (2024-08-06), CR Hoy: FAMILIAS PIDEN TIEMPO PARA SALIR DE SUS CASAS TRAS ORDEN DE DESALOJO EN TIRRASES  (2024-08-05)
12920;2024-08-05;Puntarenas;Buenos Aires;Regional;Declaración pública;Pronunciamiento;Mujeres indígenas recuperadoras;Grupos y/u organizaciones de campesinos y campesinas e indígenas;Indígenas;Solicitar al gobierno y al Estado costarricense hacer cumplir la ley de territorios indígenas;Defensa y/o ampliación de derechos;Defensa y/o ampliación de los derechos de las personas indígenas;Gobierno de Rodrigo Chaves Robles;Gobierno en general;No registrada/no existente;Participación conjunta;Particular;No registrado o no existente;"Un grupo de mujeres indígenas recuperadoras de las etnias cabécares, broran y bribris, de los territorios de China Kichá, Salitre y Térraba, emiten un comunicado conjunto luego de participar en un Encuentro de Mujeres recuperadoras del Sur, en el que reafirman sus reivindicaciones en defensa de sus territorios, y le solicitan al gobierno de Rodrigo Chaves Robles y al Estado costarricense hacer cumplir la ley, para defender y hacer cumplir los derechos de los pueblos indígenas, y evitar así más violencia en su contra.
";SURCOS: ENCUENTRO DE MUJERES RECUPERADORAS DEL SUR DE COSTA RICA (2024-08-05)
12924;2024-08-06;San José;San José;Nacional;Concentración;;Vecinos/as de Gandoca-Manzanillo;Grupos y/u organizaciones de vecinos y vecinas;;Denunciar la complicidad del ministro de Ambiente y Energía con la tala ilegal de árboles dentro del Refugio de Vida Silvestre Gandoca-Manzanillo;Fiscalización de la función pública y rendición de cuentas;Solicitud de investigación;Asamblea Legislativa de la administración Chaves Robles;Poder Legislativo;No registrada/no existente;No registrada/no existente;Particular;No registrado o no existente;"Un grupo de vecinos y vecinas de la comunidad de Gandoca, de Manzanillo,  se manifiestan en las barras de Asamblea Legislativa durante la comparecencia del ministro de Ambiente y Energía, Franz Tattenbach Capra en la Comisión de Ambiente, a raíz de las denuncias por tala ilegal de árboles dentro del Refugio de Vida Silvestre Gandoca-Manzanillo. Las y los manifestantes portan carteles con consignas como “Sin bosques no hay jaguar”, y “A les activistas de Limón les quieren matar”. El ministro es cuestionado no solo por permitir la tala ilegal, sino por participar en una fiesta organizada por la Casa Presidencial en una propiedad de la familia del empresario Allan Pacheco Dent, responsable de realizar la tala. 
";"La Extra: MINISTRO ENGAVETÓ DECRETO QUE PROTEGÍA ZONAS EN MANZANILLO (2024-08-07), La Nación: DIPUTADOS CUESTIONAN A TATTENBACH TALA EN GANDOCA-MANZANILLO; ÉL DICE QUE SE APEGÓ A LEGALIDAD (2024-08-06), CR Hoy: “SE BUSCA”, ASÍ PROTESTARON VECINOS DE GANDOCA DURANTE COMPARECENCIA DE MINISTRO (2024-08-06), CR Hoy: MINISTRO NO PUDO RESPONDER POR QUÉ NO HA CUMPLIDO CON ORDEN DE RECUPERAR TERRENOS EN MANZANILLO (2024-08-06), CR Hoy: MINISTRO CONFIRMA QUE ESTUVO EN FIESTA EN FINCA DE FAMILIAR DE ALLAN PACHECO  (2024-08-06)"
12925;2024-07-15;Guanacaste;Carrillo;Local;Bloqueo;;Vecinos y vecinas de la comunidad de Corralillo ;Grupos y/u organizaciones de vecinos y vecinas;;Solicitar la reparación de la carretera ;Mejora y/o defensa en el acceso, calidad y costo de la infraestructura pública;;Municipalidad de Carrillo de la administración Chaves Robles ;Alcaldía;Acuerdo tras negociación;No registrada/no existente;Particular;No registrado o no existente;"Un grupo de vecinos y vecinas de la comunidad de Corralillo cierran el tránsito por la carretera que comunica la localidad con Guinea, para solicitar a la Municipalidad de Carrillo la reparación de esta vía. Luego de un diálogo con la alcaldesa Diana Méndez, esta envía a personal técnico a la zona para hacer una inspección y se compromete con su reparación. 

";La Extra: VECINOS DE CORRALILLO SE MANIFIESTAN CONTRA MUNICIPALIDAD (2024-07-15)
12928;2024-07-16;Heredia;Heredia;Nacional;Declaración pública;Pronunciamiento;Federación de Estudiantes de la Universidad Nacional ;Grupos y/u organizaciones de estudiantes y madres y padres;De educación superior;Informar sobre las acciones del movimiento indigena universitario ;Defensa y/o ampliación de derechos;Defensa y/o ampliación de los derechos de las personas indígenas;Población en en general ;Población en general;No registrada/no existente;No registrada/no existente;Particular;No registrado o no existente;Mediante un comunicado público, la FEUNA informa sobre las labores del movimiento MEIUNA. Este es un espacio integrado al directorio de la organización, dedicado a promover la cultura, los derechos y la participación de los pueblos indígenas dentro de la universidad. Este movimiento busca visibilizar las luchas y reivindicaciones de las comunidades indígenas, fomentando el diálogo y la inclusión en el ámbito académico.;SURCOS: FUERZA INDÍGENA EN LA UNA (2024-07-16)
12929;2024-07-16;Heredia;San Rafael;Nacional;Denuncia ante entidades nacionales y/o entidades internacionales;;CONCEVERDE;Grupos y/u organizaciones de ambientalistas;;Solicitar informes al MINAE sobre el cumplimiento de los trámites para recuperar terrenos en la zona protegida del parque Braulio Carrillo ;Fiscalización de la función pública y rendición de cuentas;Solicitud de información;Ministro de Ambiente y Energía, Franz Tattenbach Capra de la administración Chaves Robles ;Ministerios;Se recibe la petición;No registrada/no existente;Particular;No registrado o no existente;Mediante una carta pública dirigida al ministro de Ambiente y Energía, Franz Tattenbach Capra, la organización CONCEVERDE, representada por el abogado José Francisco Alfaro Carvajal, solicita información sobre las acciones desarrolladas para el cumplimiento de la resolución N.º 2023-017109 del Expediente 22-027662-0007-CO del 14 de julio del 2023. Esta acción le impone al MINAE iniciar los trámites correspondientes para la recuperación de los terrenos que se ubican en la zona inalienable creada el 30 de julio de 1888 por la Ley 65, y que estén siendo ocupados por particulares. ;SURCOS: SOLICITUD DE INFORMACIÓN SOBRE CUMPLIMIENTO DE ORDEN DE LA SALA CONSTITUCIONAL (2024-07-18)
12930;2024-07-17;;;Nacional;Ciber-acciones o acciones colectivas en Internet;; Alianza por una Vida Digna y Frente Nacional de Lucha ;Grupos y/u organizaciones de ciudadanos y ciudadanas;;Efectuar un foro para discutir sobre el proyecto de Ley No. 23414 “Ley de Armonización del Sistema Eléctrico Nacional;En favor o en contra de leyes, reglamentos, planes y/o decretos;En contra de leyes, reglamentos, planes y/o decretos;Población en general ;Población en general;No registrada/no existente;Participación conjunta;General;No registrado o no existente;Las organizaciones Alianza por una Vida Digna y el FNL efectúan un foro para discutir sobre el proyecto de Ley No. 23414 “Ley de Armonización del Sistema Eléctrico Nacional”. En la actividad participan la diputada del FA, Sofía Guillen Pérez, un representante de la ACOTEL, Sergio Ortiz Pérez y un docente del TEC, Osvaldo Durán Castro. En el foro, se considera que dicho  proyecto debilitará el modelo eléctrico público y solidario de Costa Rica, y pone en juego la defensa del ambiente, pues abre la posibilidad de explotar petróleo, minerales y otras fuentes energéticas no renovables para el aprovechamiento eléctrico. ;SURCOS: ¿POR QUÉ EL PROYECTO DE “ARMONIZACIÓN DEL SECTOR ELÉCTRICO” QUE SE DISCUTE EN LA ASAMBLEA LEGISLATIVA ES NOCIVO PARA EL BIEN COMÚN? (2024-07-30)
12939;2024-07-18;Limón;Siquirres;Regional;Asamblea;;Sindicato de Trabajadores de Plantaciones;Grupos y/u organizaciones de trabajadores y trabajadoras;Del sector privado;Formar una alianza organizativa con el fin de luchar por mejores condiciones de trabajo y vida ;Defensa del trabajo y las condiciones laborales;Mejora y/o mantenimiento de las condiciones laborales;Sindicatos de personas trabajadoras del sector agroindustrial;Organizaciones sindicales, sociales, comunales;No registrada/no existente;Participación conjunta;Particular;No registrado o no existente;Un grupo de once organizaciones sindicales se reúnen en la sede del SITRAP, ubicado en Siquirres, para formar una alianza organizativa con el fin de luchar por mejores condiciones de trabajo y vida para las personas trabajadoras del sector agroindustrial. Dentro de la reunión participan organizaciones como el SITRAPA, la FENTRAGH, el INTRAPYBCR, el SINATRAA y el SCITA. El proceso tiene el apoyo de la fundación Friedrich Ebert. ;SURCOS: UNIDAD SINDICAL POR DERECHOS DE LAS PERSONAS TRABAJADORAS AGROINDUSTRIALES Y LA LIBERTAD SINDICAL (2024-07-29)
12943;2024-07-18;San José;San José;Nacional;Concentración;;Sindicato de Trabajadores de Plantaciones;Grupos y/u organizaciones de trabajadores y trabajadoras;Del sector privado;Protestar contra las omisiones realizadas en procesos de atención por riesgos de trabajo;Defensa del trabajo y las condiciones laborales;Mejora y/o mantenimiento de las condiciones laborales;Instituto Nacional de Seguros de la administración Chaves Robles ;Instituciones autónomas;Se recibe la petición;Participación conjunta;Particular;No registrado o no existente;Un grupo de personas trabajadoras de plantaciones agrícolas de banano y piña, se concentra en las afueras del edificio central del INS para protestar contra las omisiones realizadas en procesos de atención por riesgos de trabajo. Dentro de la acción participan personas afiliadas al SITRAP y a la ANEP, que solicitan que el INS aclare el funcionamiento de la póliza de riesgo de trabajo y modifique la normativa que permite que patrones evadan su responsabilidad sobre el tema. ;SURCOS: EL GRAN PROBLEMA DEL PASE AL INS Y EL DERECHO A LA SALUD DE TRABAJADORES Y TRABAJADORAS DE PLANTACIONES AGRÍCOLAS (2024-07-18)
12944;2024-07-18;San José;Goicoechea;Nacional;Denuncia ante entidades nacionales y/o entidades internacionales;;Sindicato de Trabajadores de Plantaciones y otros ;Grupos y/u organizaciones de trabajadores y trabajadoras;Del sector privado;Presentar una demanda contra el INS ante el Tribunal Contencioso Administrativo debido a las restricciones reglamentarias de la institución para acceder a la atención por riesgo de trabajo;Defensa del trabajo y las condiciones laborales;Mejora y/o mantenimiento de las condiciones laborales;Tribunal Contencioso Administrativo de la administración Chaves Robles ;Poder Judicial;Se recibe la petición;Participación conjunta;Particular;No registrado o no existente;Un grupo de ocho sindicatos de plantaciones agrícolas presentan una demanda contra el INS ante el Tribunal Contencioso Administrativo debido a las restricciones reglamentarias de la institución para acceder a la atención por riesgo de trabajo. Dentro de las organizaciones participantes se encuentran SITRAP, ANEP, COSIBACR y FENTRAGH. ;La Extra: SINDICATOS DEMANDAN AL INS ANTE EL TRIBUNAL CONTENCIOSO ADMINISTRATIVO (2024-07-18)
12957;2024-07-20;San José;;Nacional;Ciber-acciones o acciones colectivas en Internet;;Mesa Nacional de Diálogo Social y Productivo;Grupos y/u organizaciones de campesinos y campesinas e indígenas;Campesinos y campesinas;Apoyar la moción de censura contra la ministra de Educación, Anna Katharina Müller Castro;Defensa de la educación;Destitución, sustitución o nombramiento de funcionarios de la educación;Población en general ;Población en general;No registrada/no existente;Participación conjunta;General;No registrado o no existente;Mediante un video difundido en redes sociales, la Mesa Nacional de Diálogo Social y Productivo se manifiesta en apoyo a la moción de censura contra la ministra de Educación, Anna Katharina Müller Castro, debido a su inacción frente a la crisis educativa en Costa Rica. Esta acción, respaldada por diversas organizaciones, subraya la importancia del control político y la defensa de la educación pública, instando a la sociedad a unirse en este objetivo común.;SURCOS: MESA NACIONAL DE DIÁLOGO SOCIAL Y PRODUCTIVO, SE MANIFIESTA ANTE CENSURA CONTRA MINISTRA DE EDUCACIÓN (2024-07-20)
12959;2024-08-11;Puntarenas;Buenos Aires;Nacional;Declaración pública;Pronunciamiento;Mujeres Mano de Tigre;Grupos y/u organizaciones de campesinos y campesinas e indígenas;Indígenas;Reflexionar sobre el día internacional de los pueblos indígenas en defensa de los derechos de las mujeres indígenas en Costa Rica;Defensa y/o ampliación de derechos;Defensa y/o ampliación de los derechos de las personas indígenas;Población en general ;Población en general;No registrada/no existente;No registrada/no existente;General;No registrado o no existente;La organización Mujeres Mano de Tigre, enviado un comunicado público donde reflexiona sobre el día internacional de los pueblos indígenas en defensa de los derechos de las mujeres indígenas en Costa Rica. Exigen justicia social, acceso a la educación y salud, y la protección de sus territorios ancestrales. Sus demandas están dirigidas al Estado costarricense, al cual acusan de no garantizar estos derechos ni de proteger a las defensoras de derechos humanos indígenas. ;SURCOS: MUJERES MANO DE TIGRE A PROPÓSITO DEL DÍA INTERNACIONAL DE LOS PUEBLOS INDÍGENAS (2024-08-11)
12963;2024-07-29;San José;San José;Nacional;Declaración pública;Pronunciamiento;Parlamento Cívico Ambiental de Costa Rica;Grupos y/u organizaciones de ambientalistas;;Protestar por el asesinato de Eugenio Androvetto Villalobos.;Defensa del ambiente;Lucha contra la contaminación ambiental;Gobierno de Rodrigo Chaves Robles ;Gobierno en general;No registrada/no existente;Participación conjunta;General;No registrado o no existente;"Más de 40 organizaciones sociales agrupadas en el Parlamento Cívico Ambiental de Costa Rica firman un manifiesto para protestar por el asesinato del director Protección Radiológica y Salud Ambiental del MINSA, Eugenio Androvetto Villalobos. Para las organizaciones el crimen de Androvetto Villalobos muestra la vulnerabilidad de las personas defensoras del medio ambiente en Costa Rica y exigen justicia y mayor protección estatal de parte del gobierno. 
";SURCOS: MANIFIESTO EN DEFENSA DE LA VIDA Y LOS DERECHOS DE LAS Y LOS AMBIENTALISTAS. EL VIL ASESINATO DEL COMPAÑERO LUCHADOR EUGENIO ANDROVETTO VILLALO (2024-08-01)
12966;2024-08-19;San José;Pérez Zeledón;Regional;Declaración pública;Pronunciamiento;Red de Mujeres Rurales ;Grupos y/u organizaciones de campesinos y campesinas e indígenas;Campesinos y campesinas;Exigir justicia por el asesinato de líder indígena Jerhy Rivera Rivera;Defensa y/o ampliación de derechos;Defensa y/o ampliación de los derechos de las personas indígenas;Tribunales de Justicia de Perez Zeledón ;Poder Judicial;No registrada/no existente;Participación conjunta;Particular;No registrado o no existente;Un grupo de mujeres pertenecientes a la Red de Mujeres Rurales se solidariza con doña Digna, madre de Jerhy Rivera, al inicio del juicio por el asesinato de su hijo, un líder indígena. La concentración se da en las afueras de los Tribunales de Justicia de Pérez Zeledón donde la organización exige justicia y protección para los defensores de los derechos indígenas en Costa Rica. ;SURCOS: RED DE MUJERES RURALES PRESENTE EN SOLIDARIDAD CON DOÑA DIGNA, LA MAMÁ DE JERHY RIVERA AL INICIO DEL JUICIO POR SU ASESINATO (2024-08-20)
12976;2024-08-23;Limón;Limón;Regional;Declaración pública;Convocatoria;Unión Provincial de Limón;Grupos y/u organizaciones de ciudadanos y ciudadanas;;Oponerse al nuevo reglamento para el cobro de arriendo en terrenos ubicados en las fincas de JAPDEVA;En favor o en contra de leyes, reglamentos, planes y/o decretos;En contra de leyes, reglamentos, planes y/o decretos;Junta de Administración Portuaria y de Desarrollo Económico de la Vertiente Atlántica de Costa Rica, gobierno de Rodrigo Chaves Robles;Instituciones autónomas;No registrada/no existente;No registrada/no existente;Particular;No registrado o no existente;"Mediante un video, la ULIPROLI convoca a la población limonense a manifestarse en contra el nuevo reglamento para el cobro de arriendo en terrenos ubicados en las fincas de JAPDEVA. Según la organización sindical, este instrumento tiene como finalidad desalojar a las personas que han residido en estas tierras por más de 90 años y nuevamente, constituye una vulnerabilización de los derechos de las personas limonenses. Por su parte, la junta directiva de JAPDEVA niega que tenga pretensiones de perjudicar a las personas habitantes y aclara que este reglamento estuvo en consulta pública por 15 días en la páginas del MEIC antes de ser aprobado. 
";CR Hoy: LIMONENSES CONVOCAN A PROTESTAS POR COBROS DE ARRIENDO EN TERRENOS DE JAPDEVA (2024-08-23)
12985;2024-08-24;San José;San José;Regional;Campañas informativas;;Frente Nacional de Lucha ;Grupos y/u organizaciones de ciudadanos y ciudadanas;;Conversar de las amenazas de conservación del refugio Gandoca Manzanillo ;Defensa del ambiente;Lucha contra megaproyectos y/o (neo)extractivismo;Gobierno de Rodrigo Chaves Robles ;Gobierno en general;No registrada/no existente;Participación conjunta;General;No registrado o no existente;"Los colectivos FNL y Alianza por una Vida Digna convocan a la ciudadanía a participar del Foro Crisis ambiental en refugio Gandoca-Manzanillo, que se llevará a cabo del miércoles 28 de agosto de manera virtual. En la actividad participarán el diputado del FA, Ariel Robles Barrantes, la presidenta de la COVIRENA del Caribe Sur Marta Castro Bolaños y la abogada y ecologista,  Silvia Matamoros Pacheco. En el foro se quiere conversar de las amenazas de conservación del refugio presentes en el gobierno de Rodrigo Chaves Robles. 
";SURCOS: FORO_ CRISIS AMBIENTAL EN REFUGIO GANDOCA-MANZANILLO  (2024-08-24)
12986;2024-08-24;San José;San José;Local;Concentración;;Vecinas y vecinos del sector de Miravalles 2 de Tirrases de Curridabat ;Grupos y/u organizaciones de vecinos y vecinas;;Recibir un acompañamiento digno de desalojo de sus viviendas;Intervención de gobierno;Solicitud de vivienda;Ministerio de Salud, administración Chaves Robles ;Ministerios;No diálogo;No registrada/no existente;Particular;Desalojo;"Un grupo de vecinas y vecinos del sector de Miravalles 2 de Tirrases de Curridabat protesta frente a Casa Presidencial en contra de la orden de desalojo del MINSA, que los obliga a abandonar sus casas por riesgo de deslizamiento. Según las personas manifestantes, requieren más tiempo para encontrar una nueva vivienda, además denuncian que el estado no les ha dado un seguimiento para reubicarlos de manera digna. Las personas portan carteles con consignas como: “Respeto a nuestros derechos básicos”, “Por un desalojo digno”, “Merecemos un seguimiento digno”, “Solo quiero un techo donde crecer”, “La patria somos todos”. 
";CR Hoy: SALUD CONFIRMA DESALOJO DE FAMILIAS DE TIRRASES EN CUANTO TERMINEN NOTIFICACIONES (2024-08-24)
12991;2024-08-28;Limón;Siquirres;Regional;Declaración pública;Convocatoria;Vecinas y vecinos de La Lucha de Siquirres ;Grupos y/u organizaciones de vecinos y vecinas;;Oponerse al nuevo reglamento para el cobro de arriendo en terrenos ubicados en las fincas de JAPDEVA;En favor o en contra de leyes, reglamentos, planes y/o decretos;En contra de leyes, reglamentos, planes y/o decretos;Junta de Administración Portuaria y de Desarrollo Económico de la Vertiente Atlántica de Costa Rica, gobierno de Rodrigo Chaves Robles;Instituciones autónomas;No registrada/no existente;No registrada/no existente;Particular;No registrado o no existente;"Mediante un afiche, un grupo de vecinas y vecinos de La Lucha de Siquirres convocan a la comunidad a una reunión para debatir y organizarse ante decisión de JAPDEVA de anular los contratos de arrendamiento de 100 años a tan solo 20 años. Para las personas manifestantes, esto pone en riesgo su derecho a la vivienda. La actividad se realizará el 31 de agosto en el salón comunal. 
";SURCOS: VECINOS DE LA LUCHA DE SIQUIRRES SE ORGANIZAN ANTE DECISIÓN DE JAPDEVA QUE PONE EN RIESGO SUS VIVIENDAS  (2024-08-28)
12996;2024-08-14;San José;Desamparados;Local;Bloqueo;;Vecinos y Vecinas de La Guaria;Grupos y/u organizaciones de vecinos y vecinas;;Protestar contra la falta de agua potable;Mejora y/o defensa en el acceso, calidad y costo de los servicios públicos;Mejora y/o defensa en el acceso, calidad y costo de los servicios de agua potable;Acueductos y Alcantarrillados de la administración Chaves Robles ;Instituciones autónomas;No registrada/no existente;No registrada/no existente;Particular;No registrado o no existente;Vecinos y Vecinas de La Guaria, en San Rafael Arriba de Desamparados, cierran la calle para protestar contra la falta de agua potable. Esta acción tiene como objetivo presionar a las autoridades locales y al AyA empresa responsable para que tomen medidas inmediatas y restablezcan el suministro de agua, que es un servicio básico para la comunidad. La falta de respuesta ha generado frustración, impulsando a las personas vecinas a tomar esta medida. ;La Extra: DESAMPARADEÑOS CIERRAN CALLE TRAS 15 DÍAS SIN AGUA (2024-07-14)
12997;2024-08-26;San José;Goicoechea;Nacional;Declaración pública;Convocatoria;Movimiento Unidos por el Agua Guadalupe;Grupos y/u organizaciones de vecinos y vecinas;;Exigir que el agua sea reconocida como un derecho para todas las personas;Mejora y/o defensa en el acceso, calidad y costo de los servicios públicos;Mejora y/o defensa en el acceso, calidad y costo de los servicios de agua potable;Gobierno de Rodrigo Chaves Robles ;Gobierno en general;No registrada/no existente;No registrada/no existente;General;No registrado o no existente;"Mediante un afiche, el Movimiento Unidos por el Agua Guadalupe convoca a las vecinas y vecinos afectados por el desabastecimiento de agua a participar en la huelga del 28 de agosto. La manifestación tiene como objetivo exigir que el agua sea reconocida como un derecho para todas las personas. El punto de encuentro será la rotonda de la Hispanidad.
";SURCOS: MOVIMIENTO UNIDOS POR EL AGUA GUADALUPE CONVOCA A LA MARCHA NACIONAL (2024-08-28)
13011;2024-08-13;Limón;Talamanca;Nacional;Declaración pública;Denuncia;Habitantes del Caribe Sur;Grupos y/u organizaciones de ciudadanos y ciudadanas;;Denunciar la inacción del ministro de Ambiente frente a las amenazas de muerte contra líderes ambientales que defienden el Refugio Gandoca-Manzanillo;Fiscalización de la función pública y rendición de cuentas;Lucha por la justicia, contra la impunidad y contra la criminalización de la protesta social;Franz Tattenbach Capra ministro de Ambiente de la administración Chaves Robles ;Ministerios;No registrada/no existente;Participación conjunta;Particular;Amenaza;Mediante un comunicado público, personas, habitantes del Caribe Sur y activistas denuncian la inacción del ministro de Ambiente, Franz Tattenbach Capra, frente a las amenazas de muerte contra líderes ambientales que defienden el Refugio Gandoca-Manzanillo. Aseguran que el ministro niega la gravedad de estas amenazas y permite irregularidades ambientales vinculadas a tala ilegal. Exigen al Estado costarricense cumplir con su obligación de proteger a las personas defensoras del ambiente y aplicar medidas urgentes para garantizar su seguridad.;SURCOS: MINISTRO DE AMBIENTE FRANZ TATTENBACH DESPROTEGE GANDOCA-MANZANILLO Y NIEGA AMENAZAS DE MUERTE A LÍDERES AMBIENTALISTAS (2024-08-13)
13033;2024-08-14;San José;Goicoechea;Regional;Denuncia ante entidades nacionales y/o entidades internacionales;;Grupos organizados de Cóbano;Grupos y/u organizaciones de vecinos y vecinas;;Interponer un recurso de amparo contra la SETENA por permitir la explotación del río Ario;Defensa del ambiente;Defensa de recurso hídrico;Sala Constitucional de la administración Chaves Robles ;Instituciones autónomas;Se recibe la petición;Participación conjunta;Particular;No registrado o no existente;"Grupos organizados de Cóbano interponen un recurso de amparo contra la SETENA por permitir la explotación del río Ario, lo cual consideran que afecta gravemente el ecosistema y los derechos ambientales de la comunidad. Las personas demandantes exigen la suspensión de los permisos otorgados para la extracción de materiales del río que, según ellos, ponen en peligro la sostenibilidad de la cuenca hidrográfica y el acceso al agua.
";SURCOS: MINERÍA AMENAZA AGUA Y ECOSISTEMAS DEL RÍO ARIO EN CÓBANO (2024-08-14), Semanario Universidad: GRUPOS ORGANIZADOS DE COBANO INTERPONEN RECURSO DE AMPARO CONTRA SETENA POR PERMITIR EXPLOTACIÓN DE RIO ARIO (2024-08-14)
13044;2024-08-19;San José;San José;Nacional;Ciber-acciones o acciones colectivas en Internet;;Mesa Nacional de Diálogo Social y Productivo;Grupos y/u organizaciones de campesinos y campesinas e indígenas;Campesinos y campesinas;Manifiestar su respaldo al modelo cooperativo, reconociendo su valor para el desarrollo económico y social del país;Otros;;Población en general ;Población en general;No registrada/no existente;Participación conjunta;General;No registrado o no existente;Mediante un video difundido en redes sociales, liderazgos de la Mesa Nacional de Diálogo Social y Productivo manifiestan su respaldo al modelo cooperativo, reconociendo su valor para el desarrollo económico y social del país. Destacan que las cooperativas son fundamentales para la generación de empleo, la inclusión social y la mejora de las condiciones de vida en diversas comunidades. Además, abogan por la protección y promoción de este modelo en las políticas públicas.;SURCOS: LIDERAZGOS DE LA MESA NACIONAL DE DIÁLOGO SOCIAL Y PRODUCTIVO MANIFIESTAN SU RESPALDO AL MODELO COOPERATIVO (2024-08-19)
13054;2024-08-20;Limón;Limón;Regional;Ciber-acciones o acciones colectivas en Internet;;Bloque de Vivienda;Grupos y/u organizaciones de vivienda;;Oponerse al nuevo reglamento para el cobro de arriendo en terrenos ubicados en las fincas de JAPDEVA;En favor o en contra de leyes, reglamentos, planes y/o decretos;En contra de leyes, reglamentos, planes y/o decretos;Junta de Administración Portuaria y de Desarrollo Económico de la Vertiente Atlántica de Costa Rica, gobierno de Rodrigo Chaves Robles;Instituciones autónomas;No registrada/no existente;No registrada/no existente;Particular;No registrado o no existente;Mediante un video difundido en redes sociales, el Bloque de Vivienda denuncia que JAPDEVA intenta quitar las casas a vecinos y vecinas de Las Barras (Pacuare, Colorado, en San Francisco, Tortuguero, la Lucha, Parismina), las cuales fueron construidas mediante el bono de vivienda. La propuesta es desalojar a las familias para luego alquilarles las mismas propiedades. La organización expresa su preocupación por esta situación, ya que consideran que atenta contra sus derechos, y piden una solución justa para no perder sus hogares.;SURCOS: INSÓLITO: JAPDEVA QUIERE QUITARLES SUS CASAS A VECINOS DE LAS BARRAS CONSTRUIDAS CON EL BONO Y ALQUILÁRSELAS (2024-08-20)
13056;2024-09-02;San José;Goicoechea;Nacional;Declaración pública;Pronunciamiento;FEDACAÑA;Grupos y/u organizaciones de empresarios y empresarias;Del sector agrícola o agroindustrial;Rechazar recomendaciones realizadas por la COPROCOM  en un estudio sobre el mercado del azúcar;Fiscalización de la función pública y rendición de cuentas;Pronunciamiento o rectificación de posición oficial;Comisión para Promover la Competencia de la administración Chaves Robles;Ministerios;No registrada/no existente;No registrada/no existente;Particular;No registrado o no existente;"Mediante un comunicado la FEDECAÑA rechaza las recomendaciones realizadas por la COPROCOM  en un reciente estudio sobre el mercado del azúcar, en el que señala supuestas deficiencias y distorsiones de precios que afectan negativamente a las personas consumidoras. El ente, que agrupa a pequeños y medianos productores de caña, lamenta que no se le haya consultado durante la realización y publicación del estudio, y considera que las recomendaciones esbozadas lesionan el modelo que garantiza la compra y pago a un precio justo al productor nacional de caña.
";CR Hoy: PRODUCTORES DE CAÑA CUESTIONAN ESTUDIO DEL MERCADO DE AZÚCAR (2024-09-02)
13062;2024-09-03;San José;;Regional;Declaración pública;Pronunciamiento;Bloque Verde;Grupos y/u organizaciones de ambientalistas;;Denunciar al MINSA por permitir presencia del fungicida Mancozeb en agua para consumo humano;Fiscalización de la función pública y rendición de cuentas;Pronunciamiento o rectificación de posición oficial;Ministerio de Salud de la administración Chaves Robles;Ministerios;No registrada/no existente;No registrada/no existente;Particular;No registrado o no existente;"Mediante un pronunciamiento, el Bloque Verde denuncia que el MINSA aumentó hasta 60 veces el límite máximo permitido de contaminación en agua para consumo humano, en un informe sobre el derrame del fungicida Mancozeb en una quebrada que llega al río Barranca. Esto ha expuesto a la población de la zona al consumo de este producto a través del agua, con el aval del MINSA y del AyA, que al margen de cualquier criterio técnico le han hecho creer a la población que esto no representa ningún peligro para su salud. Ante esto, la organización ecologista asegura que llevará el caso ante la Sala Constitucional. Por su parte, la ministra de Salud, Mary Munive Angermüller, niega que se haya alterado el nivel de tolerancia al fungicida Mancozeb en el agua de manera permanente, y que solo se consignó así de forma “temporal” únicamente para garantizar el acceso al agua a las y los habitantes de Esparza, Gran Chacarita, Espíritu Santo y El Roble en Puntarenas, mientras se atendía la emergencia causada por el derrame. Finalmente, asegura que las muestras recientes no indican la presencia del fungicida en el agua de la zona.
";SURCOS: LAS AUTORIDADES HAN SUMINISTRADO AGUA CON CONCENTRACIONES DE MANCOZEB HASTA 55 VECES SUPERIORES A LOS LÍMITES ESTABLECIDOS (2024-09-05), Semanario Universidad: RESULTADOS MUESTRAN QUE AGUA DE PUNTARENAS AÚN TENÍA EL FUNGICIDA MANCOZEB CUANDO SALUD AUTORIZÓ EL CONSUMO (2024-09-05), La Extra: SALUD RECHAZA PRESENCIA DE FUNGICIDA EN AGUA (2024-09-05), CR Hoy: ECOLOGISTAS DENUNCIAN QUE SALUD AUMENTÓ LÍMITES PERMITIDOS DE FUNGICIDA TRAS CONTAMINACIÓN EN BARRANCA (2024-09-03)
13063;2024-09-03;Puntarenas;Buenos Aires;Nacional;Declaración pública;Pronunciamiento;Colectivo de Apoyo a doña Digna Rivera;Grupos y/u organizaciones de ciudadanos y ciudadanas;;Exigir justicia por el asesinato del líder indígena Jehry Rivera Rivera;Defensa y/o ampliación de derechos;Defensa y/o ampliación de los derechos de las personas indígenas;Tribunales de Justicia de Pérez Zeledón;Poder Judicial;No registrada/no existente;No registrada/no existente;Particular;No registrado o no existente;"En el marco de la reanudación del juicio por el asesinato del indígena recuperador de tierras, Jerhy Rivera Rivera, el Colectivo de Apoyo a doña Digna Rivera, emite un comunicado en el que denuncia que el Estado costarricense es cómplice del homicidio por inacción, y por fomentar la impunidad cuando se trata de agresiones a integrantes de los pueblos indígenas. El colectivo denuncia que si el Estado hubiera cumplido con las medidas cautelares “MC 321-12” del 2015, en las que se definió que debía garantizar y resguardar la vida e integridad física de los Pueblos Bröran de Térraba y Bribri de Salitre, los asesinatos de Sergio Rojas Ortiz y Jerhy Rivera Rivera no se hubieran dado. Asimismo, hacen un llamado a la población a acompañar en los Tribunales de Justicia y a solidarizarse  en este proceso crucial.
";SURCOS: CONTINÚA EL JUICIO POR EL ASESINATO DE JERHY RIVERA: LLAMADO A LA SOLIDARIDAD (2024-09-06), SURCOS: DRAMÁTICO TESTIMONIO DE JERHY RIVERA RIVERA DESPUÉS DEL ATENTADO DE HOMICIDIO QUE SUFRIÓ EN 2013 (2024-09-03)
13068;2024-09-04;San José;;Nacional;Declaración pública;Pronunciamiento;Unión Sindical ;Grupos y/u organizaciones de trabajadores y trabajadoras;Del sector público;Exigir justicia por el asesinato del líder indígena Jehry Rivera Rivera;Defensa y/o ampliación de derechos;Defensa y/o ampliación de los derechos de las personas indígenas;Tribunales de Justicia de Pérez Zeledón;Poder Judicial;No registrada/no existente;No registrada/no existente;Particular;No registrado o no existente;"En el marco de la reanudación del juicio por el asesinato del indígena recuperador de tierras, Jerhy Rivera Rivera, la Unión Sindical envía una carta pública a la madre de Jerhy Rivera Rivera, Digna Rivera, en la que le expresan su solidaridad y acogen la demanda de justicia por el asesinato de su hijo, el cual califican como un “asesinato político” orquestado por los intereses de los grandes latifundistas, que sin reparo cometen diariamente hechos delictivos contra los pueblos originarios, en complicidad de las grandes compañías extractivistas nacionales y transnacionales de la zona sur.
";SURCOS: UNIÓN SINDICAL DE LA CCSS MANIFIESTA REPUDIO ANTE LA IMPUNIDAD POR EL CRIMEN CONTRA JERHY RIVERA (2024-09-04)
13069;2024-09-05;Cartago;Jiménez;Nacional;Bloqueo;;Padres y madres de familia de la Escuela El Humo;Grupos y/u organizaciones de estudiantes y madres y padres;De madres y padres;Denunciar el accionar de la directora y parte del personal docente de la Escuela El Humo;Defensa de la educación;Destitución, sustitución o nombramiento de funcionarios de la educación;Ministerio de Educación Pública de la administración Chaves Robles;Ministerios;No registrada/no existente;No registrada/no existente;Particular;No registrado o no existente;"Un grupo de padres y madres de familia cierra los portones de la Escuela El Humo, de Pejibaye de Jiménez, por inconformidades por el accionar de la directora y parte del cuerpo docente de la institución. La Fuerza Pública se hace presente en el lugar.
";CR Hoy: PADRES CIERRAN ESCUELA DE “EL HUMO” EN PROTESTA RELACIONADA CON DIRECTORA  (2024-09-05)
13075;2024-09-09;Limón;Guácimo;Nacional;Declaración pública;Pronunciamiento;Movimiento de Trabajadores y Campesinos;Grupos y/u organizaciones de campesinos y campesinas e indígenas;Campesinos y campesinas;Asfaltar la ruta 811 en Río Jiménez;Mejora y/o defensa en el acceso, calidad y costo de la infraestructura pública;;Municipalidad de Guácimo;Gobierno local en general;No registrada/no existente;No registrada/no existente;Particular;No registrado o no existente;"Mediante un comunicado el MTC manifiesta su solidaridad y respaldo a las gestiones de denuncia y propuesta impulsadas por la Comisión Comunal Pro Asfalto de la Ruta 811, la cual ha sido conformada con participación de representantes de diferentes comunidades afectadas, tales como Irlanda, Santa Maria, Santa Rosa, La Lucha, Escocia, La Ligia y muchas más de Río Jiménez y aledañas a dicha ruta. La organización resalta que es una ruta de máxima importancia en una zona productora de piña y banano, de producción agrícola y ganadera.
";SURCOS: MTC APOYA JUSTA LUCHA DE COMUNIDADES DE RÍO JIMÉNEZ POR ASFALTADO DE RUTA 811 (2024-09-09)
13076;2024-09-09;San José;Montes de Oca;Nacional;Declaración pública;Convocatoria;Organizaciones ecologistas;Grupos y/u organizaciones de ambientalistas;;Exigir justicia por el asesinato del líder indígena Jehry Rivera Rivera;Fiscalización de la función pública y rendición de cuentas;Lucha por la justicia, contra la impunidad y contra la criminalización de la protesta social;Tribunales de Justicia de Pérez Zeledón;Poder Judicial;No registrada/no existente;Participación conjunta;Particular;No registrado o no existente;"En el marco de la reanudación del juicio por el asesinato del indígena recuperador de tierras, Jerhy Rivera Rivera, un grupo de organizaciones ecologistas y estudiantiles convoca a una vigilia este lunes en la sede Rodrigo Facio de la UCR para exigir justicia para Jehry Rivera y los pueblos originarios, y en apoyo a su madre, doña Digna Rivera.
";SURCOS: VIGILIA EN APOYO A DIGNA RIVERA, EN MEMORIA DE SU HIJO JEHRY RIVERA (2024-09-09)
13087;2024-09-30;Cartago;Cartago;Regional;Denuncia ante entidades nacionales y/o entidades internacionales;;Frente Ecologista de Cipreses ;Grupos y/u organizaciones de ambientalistas;;Denunciar al AyA y el MINSA por incumplir con la protección de las nacientes de agua en Cipreses de Oreamuno. ;Defensa del ambiente;Lucha contra la contaminación ambiental;Sala Constitucional, gobierno de Rodrigo Chaves Robles ;Poder Judicial;;No registrada/no existente;General;;"El Frente Ecologista de Cipreses presenta una denuncia de inejecución de sentencia ante la Sala Constitucional en Cartago, en contra del AyA y el MINSA por incumplir con la protección de las nacientes de agua en Cipreses de Oreamuno. Para la organización ecologista, las instituciones muestran una clara negligencia en relación con la contaminación de las nacientes con agroquímicos como el clorotalonil.
";SURCOS: AYA Y MINISTERIO DE SALUD VUELVEN A SALA CUARTA POR INCUMPLIMIENTO DE PROTECCIÓN DE NACIENTES EN CARTAGO  (2024-09-30)
13087;2024-09-30;Cartago;Cartago;Regional;Denuncia ante entidades nacionales y/o entidades internacionales;;Frente Ecologista de Cipreses ;Grupos y/u organizaciones de ambientalistas;;Denunciar al AyA y el MINSA por incumplir con la protección de las nacientes de agua en Cipreses de Oreamuno. ;Defensa del ambiente;Lucha contra la contaminación ambiental;Sala Constitucional, gobierno de Rodrigo Chaves Robles ;Poder Judicial;;No registrada/no existente;General;;"El Frente Ecologista de Cipreses presenta una denuncia de inejecución de sentencia ante la Sala Constitucional en Cartago, en contra del AyA y el MINSA por incumplir con la protección de las nacientes de agua en Cipreses de Oreamuno. Para la organización ecologista, las instituciones muestran una clara negligencia en relación con la contaminación de las nacientes con agroquímicos como el clorotalonil.
";SURCOS: AYA Y MINISTERIO DE SALUD VUELVEN A SALA CUARTA POR INCUMPLIMIENTO DE PROTECCIÓN DE NACIENTES EN CARTAGO  (2024-09-30)
13100;2024-09-28;Heredia;San Rafael;Regional;Denuncia ante entidades nacionales y/o entidades internacionales;;Colectivo de ciudadanos de San Rafael de Heredia;Grupos y/u organizaciones de ciudadanos y ciudadanas;;Denunciar el otorgamiento de permisos de construcción en la zona protegida del Pozo La Meseta;Defensa del ambiente;Lucha contra megaproyectos y/o (neo)extractivismo;Jorge Arias Santamaría, alcalde de la Municipalidad de San Rafael de Heredia, administración Chaves Robles;Alcaldía;No registrada/no existente;No registrada/no existente;General;No registrado o no existente;"El CONCEVERDE denuncia ante el AyA, al alcalde de la Municipalidad de San Rafael de Heredia, Jorge Arias Santamaría, y al Concejo Municipal, por otorgar los permisos de construcción en la zona protegida del Pozo La Meseta, a pesar de que el SENARA y la Dirección de Planificación Urbana y Territorial de la Municipalidad emitieran un criterio técnico de no otorgar los permisos. Según la organización, esto pone en riesgo los recursos hídricos de la zona y por eso, exigen la suspensión de la obra y una evaluación ambiental completa.
";SURCOS: DENUNCIA SOBRE POZO LA MESETA  (2024-09-28)
13101;2024-09-28;San José;Montes de Oca;Regional;Ciber-acciones o acciones colectivas en Internet;;Frente Ecologista Universitario;Grupos y/u organizaciones de ambientalistas;;Denunciar que se les impidió ingresar a una sesión del Concejo Municipal donde se discute la realización de un tope en ese cantón. ;Defensa del ambiente;Defensa de los animales;Domingo Argüello García, alcalde de Montes de Oca, administración Chaves Robles;Alcaldía;No diálogo;No registrada/no existente;General;No registrado o no existente;"El FECOU denuncia en redes sociales al alcalde de Montes de Oca, Domingo Argüello García, por impedir su ingreso a una sesión del Concejo Municipal donde se discute la realización de un tope en ese cantón. Según la organización, en la entrada del Palacio Municipal se alegó que el aforo estaba completo, bloqueando el acceso a las personas. Según el FECOU, esto refleja un intento de silenciar sus demandas contra el tope y una falta de transparencia por parte del alcalde.
";SURCOS: FECOU DENUNCIA AL ALCALDE DE MONTES DE OCA  (2024-09-28)
13104;2024-09-24;Guanacaste;Liberia;Regional;Declaración pública;Pronunciamiento;Confraternidad Guanacasteca;Grupos y/u organizaciones de ciudadanos y ciudadanas;;Denuncia a la ministra de la Presidencia, Laura Fernández Delgado, por no cumplir con las funciones relacionadas al nombramiento de las y los jueces del Tribunal Ambiental ;Fiscalización de la función pública y rendición de cuentas;Pronunciamiento o rectificación de posición oficial;La ministra de la Presidencia, Laura Fernández Delgado, administración Chaves Robles;Jerarcas de instituciones públicas;No registrada/no existente;No registrada/no existente;General;No registrado o no existente;"A través de un comunicado, la Confraternidad Guanacasteca denuncia a la ministra de la Presidencia, Laura Fernández Delgado, por no cumplir con las funciones relacionadas al nombramiento de las y los jueces del TAA, que se encargan de analizar y castigar delitos ambientales. Según una carta emitida por Fernández Delgado, ella desconocía que le correspondía efectuar estos nombramientos, hecho que para la Confraternidad Guanacasteca demuestra la pérdida de recursos económicos y de tiempo que se da con el gobierno de Rodrigo Chaves Robles, así como un claro desinterés en temas medioambientales. 
";SURCOS: MINISTRA DE LA PRESIDENCIA LAURA FERNÁNDEZ CONTRA JUSTICIA PRONTA Y CUMPLIDA (2024-09-21)
13105;2024-09-24;San José;San José;Nacional;Declaración pública;Pronunciamiento;Prisma Latinoamericano ;Grupos y/u organizaciones de ciudadanos y ciudadanas;;Hacer un llamado a las juventudes para que se organicen ante el cambio climático y la incertidumbre del futuro económico ;Otros;;Organización de Naciones Unidas ;Entidad internacional;No registrada/no existente;No registrada/no existente;General;No registrado o no existente;"Mediante un video, la organización Prisma Latinoamericano hace un llamado a las juventudes para que se organicen ante el cambio climático y la incertidumbre del futuro económico. Para la organización, estos retos ambientales y económicos pueden transformarse a través de mayor presupuesto para la educación, una perspectiva colectivista de la sociedad y la exigencia a entidades internacionales como Naciones Unidas a redistribuir de manera más juiciosa los recursos para la gestión del riesgo climático. 
";SURCOS: NO NOS DEJEMOS LLEVAR POR MENTIRAS, ORGANICÉMONOS - PROPUESTA EN VIDEO (2024-09-24)
13111;2024-09-27;San José;San José;Nacional;Declaración pública;Denuncia;Sindicato de Trabajadores de Acueductos y Alcantarillados;Grupos y/u organizaciones de trabajadores y trabajadoras;Del sector público;Denunciar el malgasto de 50 millones de colones en la renovación de la oficina de la gerencia general ;Fiscalización de la función pública y rendición de cuentas;Lucha contra la corrupción;Autoridades del Acueductos y Alcantarillados, gobierno de Rodrigo Chaves Robles;Instituciones autónomas;No registrada/no existente;No registrada/no existente;General;No registrado o no existente;"A través de una nota de prensa, el SITRAA acusa al AyA de malgastar 50 millones de colones en la renovación de la oficina de la gerencia general de la institución, mientras tres sectores que permanecen sin acceso al agua potable en el país, Zapote, San Vito de Coto Brus y Pavas. Para la organización sindical es prioritario invertir en tuberías en las zonas afectadas y hacer un uso juicioso de los recursos públicos. 
";CR Hoy: ACUSAN AL AYA DE INVERTIR ₡50 MILLONES EN OFICINA MIENTRAS QUE 3 SITIOS SE MANTIENEN SIN AGUA (2024-09-27)
13113;2024-09-11;Puntarenas;Golfito;Local;Declaración pública;Convocatoria;Comité de Turismo de La Gamba;Grupos y/u organizaciones de vecinos y vecinas;;Invitar a la comunidad a participar en el “Festival Ambiental en la Gamba” ;Defensa del ambiente;;Vecinos y vecinas de golfito ;Población en general;No registrada/no existente;Participación conjunta;Particular;No registrado o no existente;La ADI y el Comité de Turismo de La Gamba invitan a la comunidad a participar en el “Festival Ambiental en la Gamba” que se realiza en el Salón Comunal de la localidad, ubicado en el cantón de Golfito, Zona Sur. El evento se llevará a cabo desde las 9:00 a.m. hasta las 4:00 p.m. El evento promueve el cuidado de la naturaleza a través de actividades educativas y culturales, involucrando a personas de todas las edades en temas como la protección de ecosistemas locales y la sostenibilidad.;SURCOS: FESTIVAL AMBIENTAL EN LA GAMBA: UNA INICIATIVA DE CONSERVACIÓN Y COMUNIDAD (2024-09-11)
13118;2024-09-11;Heredia;San Rafael;Nacional;Declaración pública;Pronunciamiento; CONCEVERDE ;Grupos y/u organizaciones de vecinos y vecinas;;Denunciar varias problemáticas ambientales en el distrito de Concepción, en San Rafael de Heredia. ;Defensa del ambiente;Defensa de recurso hídrico;Sistema Nacional de Conservación de la adminsitración Chaves Robles ;Órganos desconcentrados;No registrada/no existente;No registrada/no existente;Particular;No registrado o no existente;Mediante un comunicado público, el colectivo ciudadano CONCEVERDE denuncia varias problemáticas ambientales en el distrito de Concepción, en San Rafael de Heredia. Según la organización, en las montañas de la zona se quiere instalar una empresa chatarrera en una zona protegida que existe desde 1888. La organización menciona la importancia de preservar estas áreas para garantizar el equilibrio ecológico y la disponibilidad de recursos hídricos. Las comunidades y activistas ambientales hacen un llamado a las autoridades del SINAC para atender la denuncia y medidas más estrictas de protección ambiental.;SURCOS: IMPACTO AMBIENTAL EN LAS MONTAÑAS DE SAN RAFAEL DE HEREDIA (2024-09-11)
13126;2024-09-13;Puntarenas;Osa;Nacional;Declaración pública;Pronunciamiento;Comités de Vigilancia de los Recursos Naturales;Grupos y/u organizaciones de ambientalistas;;Ponunciamiento contra la amenaza de extracción minera de oro en el Parque Nacional Corcovado.;Defensa del ambiente;Lucha contra megaproyectos y/o (neo)extractivismo;Gobierno de la administración Chaves Robles ;Gobierno en general;No registrada/no existente;Apoyo solidario;Particular;No registrado o no existente;Mediante un comunicado público, los COVIRENAS de Costa Rica se pronuncian contra la amenaza de extracción minera de oro en el Parque Nacional Corcovado. Estos alertan sobre el grave impacto ambiental que esta actividad tendría en uno de los ecosistemas más biodiversos del país, y le exigen al Estado que refuerce la protección de este patrimonio natural y rechace cualquier proyecto minero que ponga en riesgo el parque.;SURCOS: COVIRENAS COSTA RICA SE PRONUNCIAN ANTE AMENAZA DE EXTRACCIÓN MINERA DE ORO EN PARQUE NACIONAL CORCOVADO (2024-09-13)
13127;2024-09-15;;;Internacional;Declaración pública;Pronunciamiento;Organizaciones sociales latinoamericanas ;Grupos y/u organizaciones de campesinos y campesinas e indígenas;Indígenas;Exigir justicia para Jehry Rivera Rivera, líder indígena y defensor ambiental asesinado en el 2020.;Fiscalización de la función pública y rendición de cuentas;Lucha por la justicia, contra la impunidad y contra la criminalización de la protesta social;Gobierno de la administración Chaves Robles ;Gobierno en general;No registrada/no existente;Apoyo solidario;Particular;No registrado o no existente;Mediante un pronunciamiento público, un grupo de organizaciones sociales de Costa Rica y varios países latinoamericanos exigen justicia para Jehry Rivera Rivera, líder indígena y defensor ambiental asesinado en el 2020. El llamado se da en el contexto de la parte final del juicio contra el presunto asesino del líder indígena. Estas organizaciones indígenas y ambientales piden al Estado costarricense que garantice un juicio justo y sancione a los responsables de su asesinato. Además, reclaman mayor protección para los defensores de los derechos territoriales y del medio ambiente, haciendo un llamado a las autoridades para asegurar la integridad de los pueblos indígenas.;SURCOS: PRONUNCIAMIENTO POR LA JUSTICIA PARA JERHY RIVERA RIVERA LÍDER INDÍGENA Y DEFENSOR DEL MEDIO AMBIENTE (2024-09-15)
13136;2024-09-19;San José;San José;Nacional;Declaración pública;Pronunciamiento;Sindicato de Trabajadores de Acueductos y Alcantarrillados ;Grupos y/u organizaciones de trabajadores y trabajadoras;Del sector público;Señalar la negligencia de instituciones como el MINAE y el AyA en la preservación y protección de recursos hídricos;Defensa del ambiente;Defensa de recurso hídrico;Acueductos y Alcantarrillados de la administración Chaves Robles ;Instituciones autónomas;No registrada/no existente;No registrada/no existente;General;No registrado o no existente;Mediante un pronunciamiento, el SITRAA responsabiliza a cinco entidades gubernamentales por la falta de protección en las fuentes de agua en Costa Rica. El sindicato señala la negligencia de instituciones como el MINAE y el AyA en la preservación y protección de recursos hídricos, y exige que se tomen medidas inmediatas para salvaguardar el acceso al agua potable y evitar mayores daños ambientales.;CR Hoy: SINDICATO RESPONSABILIZA A 5 ENTIDADES POR FALTA DE PROTECCION EN FUENTES DE AGUA (2024-09-19)
13138;2024-09-20;Alajuela;San Carlos;Local;Bloqueo;;Vecinos y Vecinas de Cutris de San Carlos ;Grupos y/u organizaciones de vecinos y vecinas;;Protestar por la falta de asfalto en la ruta 227;Mejora y/o defensa en el acceso, calidad y costo de la infraestructura pública;;Ministerio de Obras Publicas y Transporte de la administración Chaves Robles ;Ministerios;Se recibe la petición;No registrada/no existente;Particular;No registrado o no existente;Un grupo de vecinos y vecinas bloquean la ruta que comunica Buenos Aires con Moravia de Cutris para protestar por la falta de asfalto en la ruta 227. La acción busca que las autoridades del MOPT intervengan para mejorar las condiciones de la vía que lleva meses deteriorándose por causa de las intensas lluvias. ;San Carlos Digital: ¿VIAJA A POCOSOL O LOS CHILES ESTE VIERNES? TOME EN CUENTA TORTUGUISMO Y MANIFESTACION (2024-09-19)
13140;2024-09-20;San José;Pérez Zeledón;Nacional;Declaración pública;Pronunciamiento;Organizaciones Sociales ;Grupos y/u organizaciones de ambientalistas;;Denunciar racismo en la absolución del asesino confeso del líder indígena Jehry Rivera Rivera, por parte del Tribunal Penal de Pérez Zeledón;Fiscalización de la función pública y rendición de cuentas;Lucha por la justicia, contra la impunidad y contra la criminalización de la protesta social;Tribunal Penal de Pérez Zeledón de la administración Chaves Robles ;Poder Judicial;No registrada/no existente;Apoyo solidario;Particular;No registrado o no existente;Mediante un pronunciamiento público, diversas organizaciones sociales denuncian racismo en la absolución del asesino confeso del líder indígena Jehry Rivera Rivera, por parte del Tribunal Penal de Pérez Zeledón. Estas afirman que la decisión refleja prejuicios raciales y una falta de justicia para las comunidades indígenas en Costa Rica. Los colectivos exigen una revisión del caso y la garantía de derechos para las personas defensoras de los territorios indígenas.;Semanario Universidad: ORGANIZACIONES DENUNCIAN RACISMO EN ABSOLUTORIA AL ASESINO CONFESO DEL LIDER INDIGENA JEHRY RIVERA (2024-09-20), SURCOS: VOTO DE CENSURA AL TRIBUNAL PENAL DE PÉREZ ZELEDÓN POR LA ABSOLUTORIA DEL ASESINO CONFESO DE JERHY RIVERA, INDÍGENA BRÖRAN DE TÉRRABA, COSTA RICA (2024-09-20), SURCOS: RACISMO DE JUECES DEL TRIBUNAL DE PÉREZ ZELEDÓN QUEDA RETRATADO EN SENTENCIA POR EL ASESINATO DE LÍDER INDÍGENA (2024-09-20)
13141;2024-08-21;San José;Pérez Zeledón;Regional;Concentración;;Red de Mujeres Rurales;Grupos y/u organizaciones de género;De mujeres;Exigir justicia por el asesinato de líder indígena Jerhy Rivera Rivera;Defensa y/o ampliación de derechos;Defensa y/o ampliación de los derechos de las personas indígenas;Tribunales de Justicia, administración Chaves Robles;Poder Judicial;No registrada/no existente;Participación conjunta;General;No registrado o no existente;Un grupo de personas representantes de la Red de Mujeres Rurales, la FECON y el FNL se manifiestan en las afueras de los Tribunales de Justicia en San Isidro de Pérez Zeledón para exigir justicia por el asesinato de líder indígena Jerhy Rivera Rivera, en marzo del 2019. La persona que es acusada del asesinato, Eduardo Varela Rojas, fue absuelto por falta de pruebas en el 2023, sin embargo, en el 2022 Varela Rojas confesó la muerte de Rivera Rivera de manera pública en una actividad transmitida por Radio Cultural Buenos Aires vía Facebook. Las personas portan carteles con consignas como: “¿Por qué tanta injusticia para los pueblos originarios”, “Nuestra lucha sigue hasta que muera el sol”, “Red de mujeres rurales por solidaridad y justicia”.;SURCOS: LA RED DE MUJERES RURALES Y ECOLOGISTAS SOLICITAN JUSTICIA PARA JERHY RIVERA (2024-08-21)
